geo,nace,share_M,share_F,wage_M,wage_F,gap,between,within
AT,B,0.0034,7e-4,24.04,20.6,14.3095,0.2747,0.0325
AT,C,0.266,0.1216,23.07,18.94,17.902,13.9506,3.6816
AT,D,0.0114,0.0037,29.73,25.15,15.4053,0.9692,0.1589
AT,E,0.0076,0.0028,19,16.81,11.5263,0.3951,0.0528
AT,F,0.1305,0.0225,19.81,18.29,7.6729,9.4628,0.5351
AT,G,0.1394,0.2358,20.04,15.86,20.8583,-7.9609,3.6077
AT,H,0.0872,0.0339,18.7,16.86,9.8396,4.3569,0.5125
AT,I,0.0473,0.0794,13.02,11.98,7.9877,-1.8468,0.303
AT,J,0.0424,0.0291,29.19,23.25,20.3494,1.6015,0.9773
AT,K,0.0301,0.0441,31.49,23.09,26.6751,-1.7554,1.4331
AT,L,0.0071,0.012,25.09,19.68,21.5624,-0.4998,0.2375
AT,M,0.0547,0.0737,28.98,21.04,27.3982,-2.1903,2.3444
AT,N,0.0793,0.0797,16.66,13.62,18.2473,-0.0255,1.1114
AT,P,0.0317,0.0682,25.62,19.79,22.7557,-3.8094,1.3393
AT,Q,0.0371,0.1498,21.4,19.31,9.7664,-10.5495,0.8983
AT,R,0.013,0.0157,21.42,16.42,23.3427,-0.2376,0.3301
AT,S,0.0118,0.0272,21.86,17.03,22.0952,-1.3793,0.4338
BE,B,8e-4,1e-4,26.68,26.38,1.1244,0.0688,5e-4
BE,C,0.2093,0.0762,26.08,25.8,1.0736,12.7583,0.1477
BE,D,0.0077,0.0035,38.63,32.21,16.6192,0.5509,0.1332
BE,E,0.0095,0.0026,25.19,25.98,-3.1362,0.6494,-0.0176
BE,F,0.0762,0.013,21.3,22.74,-6.7606,5.1437,-0.2372
BE,G,0.1292,0.1099,24.2,22.35,7.6446,1.6671,0.8174
BE,H,0.088,0.0284,23.31,23.67,-1.5444,5.1763,-0.0774
BE,I,0.0217,0.0196,18.21,17.94,1.4827,0.1398,0.0206
BE,J,0.0454,0.0207,30.81,28.77,6.6212,2.7262,0.2493
BE,K,0.0287,0.0307,36.2,31.1,14.0884,-0.2504,0.5603
BE,L,0.0036,0.0034,29.61,29.38,0.7768,0.0244,0.003
BE,M,0.0482,0.0422,34.57,31.93,7.6367,0.7318,0.441
BE,N,0.1234,0.1866,21.64,20.27,6.3309,-4.8991,0.7847
BE,P,0.1033,0.1866,42.85,40.74,4.9242,-12.8721,1.1301
BE,Q,0.0803,0.2496,23.97,23.89,0.3338,-14.9742,0.0488
BE,R,0.0145,0.0112,23.32,22.82,2.1441,0.2806,0.0238
BE,S,0.0103,0.0158,26.85,22.19,17.3557,-0.4961,0.2245
BG,B,0.0174,0.0035,7.49,6.39,14.6862,1.6393,0.1941
BG,C,0.2558,0.2306,5.21,3.95,24.1843,1.9481,5.1746
BG,D,0.0259,0.0072,8.34,8.51,-2.0384,2.6655,-0.0475
BG,E,0.028,0.0133,4,3.67,8.25,0.9504,0.1152
BG,F,0.1051,0.0162,4.23,5.06,-19.6217,6.9723,-0.8504
BG,G,0.1295,0.1434,4.94,4.48,9.3117,-1.0988,1.06
BG,H,0.0925,0.0368,4.94,4.54,8.0972,4.4533,0.4367
BG,I,0.0362,0.0513,3.61,3.4,5.8172,-0.896,0.1551
BG,J,0.0786,0.0507,14.25,10.35,27.3684,5.7819,4.2571
BG,K,0.0183,0.042,8.18,6.33,22.6161,-2.9108,0.9423
BG,L,0.0073,0.0059,4.86,4.37,10.0823,0.1085,0.0544
BG,M,0.0243,0.0317,8.35,7.34,12.0958,-0.9734,0.4779
BG,N,0.0807,0.0436,4.24,5.17,-21.934,2.9471,-0.9757
BG,P,0.0367,0.153,6.02,5.89,2.1595,-11.6907,0.2082
BG,Q,0.0414,0.142,6.83,5.43,20.4978,-10.4114,2.1686
BG,R,0.0157,0.0199,4.86,4.05,16.6667,-0.3136,0.2431
BG,S,0.0067,0.009,4.24,4.67,-10.1415,-0.1784,-0.0571
CY,C,0.1169,0.0852,10.62,7.58,28.6252,2.1312,2.2663
CY,E,0.0123,0.0022,9.04,14,-54.8673,0.8536,-0.266
CY,F,0.1314,0.0186,10.24,10.76,-5.0781,8.7379,-0.2877
CY,G,0.1627,0.1655,10.03,7.66,23.6291,-0.1843,2.8691
CY,H,0.0736,0.0422,16.59,11.55,30.3797,3.2634,2.1528
CY,I,0.1377,0.1594,8.25,7.59,8,-1.2673,0.7234
CY,J,0.0775,0.0411,21.65,15.66,27.6674,5.0037,2.6195
CY,K,0.053900000000000003,0.0769,21.84,16.53,24.3132,-3.2555,2.5636
CY,L,0.0028,0.0036,7.48,7.08,5.3476,-0.0451,0.0094
CY,M,0.0683,0.0869,17.99,13.27,26.2368,-2.1447,2.703
CY,N,0.0429,0.0467,11.37,8.71,23.3949,-0.2813,0.879
CY,P,0.0514,0.1428,22.56,20.67,8.3777,-14.5644,1.3539
CY,Q,0.0433,0.1026,19.2,14.37,25.1562,-7.3414,2.598
CY,R,0.017,0.0148,10.95,8.75,20.0913,0.1651,0.2579
CY,S,0.0083,0.0116,11.75,8.77,25.3617,-0.2486,0.2178
CZ,B,0.0087,0.0017,10.1,9.16,9.3069,0.6369,0.0468
CZ,C,0.3911,0.2454,10.13,7.81,22.9023,12.5213,7.07
CZ,D,0.0141,0.0056,13.67,11.35,16.9715,1.0172,0.2182
CZ,E,0.0219,0.0076,8.29,8.03,3.1363,1.1171,0.0368
CZ,F,0.0746,0.0163,8.78,8.04,8.4282,4.6948,0.3223
CZ,G,0.1101,0.1514,10.5,7.99,23.9048,-3.6614,3.1423
CZ,H,0.0994,0.0432,8.91,8.16,8.4175,4.5875,0.5121
CZ,I,0.0172,0.031,6.75,6.03,10.6667,-0.8414,0.1663
CZ,J,0.0499,0.0258,17.7,12.7,28.2486,3.5131,1.8129
CZ,K,0.0166,0.028,17.82,11.55,35.1852,-1.5975,1.34
CZ,L,0.0053,0.0079,11.1,8.9,19.8198,-0.2545,0.1388
CZ,M,0.0364,0.036,14.27,11.31,20.7428,0.0447,1.0254
CZ,N,0.0606,0.0641,7.3,6.46,11.5068,-0.2268,0.5016
CZ,P,0.0426,0.1525,10.52,8.49,19.2966,-10.0058,1.8963
CZ,Q,0.033,0.1545,12.17,9.91,18.5703,-12.8425,2.0293
CZ,R,0.0124,0.0162,8.68,7.54,13.1336,-0.291,0.156
CZ,S,0.006,0.0127,8.13,7.53,7.3801,-0.5,0.0537
DE,B,0.0019,4e-4,24.23,23.71,2.1461,0.147,0.0025
DE,C,0.2852,0.1132,26.73,21.15,20.8754,16.9958,4.5877
DE,D,0.0112,0.0045,31.99,27.39,14.3795,0.8245,0.1486
DE,E,0.0131,0.0039,21.44,21.74,-1.3993,0.8198,-0.0105
DE,F,0.0714,0.0137,20.46,17.9,12.5122,4.569,0.4499
DE,G,0.1315,0.1481,21.55,16.88,21.6705,-1.3164,2.6944
DE,H,0.0936,0.0368,18.04,17.44,3.3259,4.1624,0.1615
DE,I,0.0295,0.0407,14.12,12.87,8.8527,-0.6245,0.1809
DE,J,0.047,0.0275,32.99,25.51,22.6735,2.3577,1.1502
DE,K,0.0233,0.0301,36.38,26.62,26.8279,-0.8923,1.0751
DE,L,0.0085,0.0093,23.72,20.72,12.6476,-0.0742,0.1107
DE,M,0.0616,0.0666,31.84,23.3,26.8216,-0.5686,2.2599
DE,N,0.0826,0.0777,17.82,15.54,12.7946,0.3385,0.7544
DE,P,0.044,0.123,25.97,23.35,10.0886,-8.0444,0.9028
DE,Q,0.0674,0.2601,25.74,20.24,21.3675,-18.2816,3.717
DE,R,0.0115,0.0129,19.63,15.78,19.6128,-0.0998,0.1937
DE,S,0.0166,0.0315,23.15,19.44,16.0259,-1.3083,0.3676
DK,B,0.0028,8e-4,50.92,44.13,13.3346,0.2676,0.0345
DK,C,0.1508,0.0672,38.4,35.12,8.5417,8.775,1.0211
DK,D,0.0072,0.0033,45.19,38.5,14.8042,0.476,0.1002
DK,E,0.008,0.0021,34.51,33.48,2.9846,0.5641,0.0149
DK,F,0.0931,0.0115,35.55,32.67,8.1013,7.9456,0.4302
DK,G,0.1682,0.1355,30.49,25.63,15.9397,2.6278,2.1077
DK,H,0.0727,0.0245,35.35,32.2,8.9109,4.653,0.437
DK,I,0.0427,0.0498,24.06,22.82,5.1538,-0.475,0.164
DK,J,0.0552,0.0278,43.57,36.81,15.5153,3.14,0.8016
DK,K,0.0367,0.0305,47.26,39.71,15.9755,0.7621,0.7248
DK,L,0.0126,0.0111,33.14,29.37,11.376,0.1315,0.1279
DK,M,0.0616,0.0559,44.76,38.17,14.723,0.6747,1.1056
DK,N,0.0939,0.0977,30.17,30.44,-0.8949,-0.3261,-0.0739
DK,P,0.0692,0.1052,34.89,32.63,6.4775,-3.4695,0.5626
DK,Q,0.0892,0.33,30.87,28.49,7.7098,-20.4103,1.4246
DK,R,0.0232,0.0304,28.31,25.04,11.5507,-0.5516,0.2504
DK,S,0.0129,0.0166,36.73,33.1,9.8829,-0.3718,0.15310000000000001
EE,B,0.0089,0.0015,11.42,9.76,14.5359,0.6415,0.0711
EE,C,0.3015,0.1696,11.24,8.28,26.3345,10.6087,5.7495
EE,D,0.0181,0.0042,12.45,10.87,12.6908,1.3352,0.1448
EE,E,0.0126,0.0038,10.54,9.41,10.7211,0.7204,0.0763
EE,F,0.1004,0.0118,11.52,10.7,7.1181,8.1142,0.3792
EE,G,0.1251,0.1673,12.12,8.26,31.8482,-3.5449,4.653
EE,H,0.1075,0.0321,9.53,9.33,2.0986,5.8666,0.1151
EE,I,0.0191,0.0443,8.79,7.27,17.2924,-1.6665,0.397
EE,J,0.0755,0.0385,20.37,14.89,26.9023,5.3854,2.5766
EE,K,0.0206,0.0378,20.46,13.67,33.1867,-2.4264,1.6338
EE,L,0.0087,0.0067,9.94,8.1,18.5111,0.1478,0.1175
EE,M,0.0314,0.0332,15.01,12.58,16.1892,-0.2041,0.6471
EE,N,0.0595,0.0465,9.93,8.43,15.1057,0.9843,0.6552
EE,P,0.0602,0.2302,10.96,9.62,12.2263,-14.4217,1.6046
EE,Q,0.0264,0.1349,15.43,10.86,29.6176,-11.7531,3.0396
EE,R,0.0204,0.0304,9.68,7.92,18.1818,-0.7237,0.3683
EE,S,0.0042,0.0073,9.91,8.88,10.3935,-0.2398,0.0488
EL,B,0.0039,5e-4,13.77,12.46,9.5134,0.4432,0.0285
EL,C,0.1616,0.0761,9.72,7.97,18.0041,7.5636,2.0812
EL,D,0.012,0.0057,18.38,15.71,14.5267,1.0797,0.2357
EL,E,0.0096,0.003,10.93,11.51,-5.3065,0.7363,-0.0364
EL,F,0.0452,0.0136,9.14,8.02,12.2538,2.7158,0.3298
EL,G,0.1688,0.1938,9.77,7.8,20.1638,-2.1928,3.5741
EL,H,0.067,0.0279,11.28,10.18,9.7518,4.1902,0.5222
EL,I,0.2097,0.1999,8.04,7.46,7.2139,0.7575,1.1888
EL,J,0.0379,0.0282,14.01,10.56,24.6253,1.1873,1.1419
EL,K,0.019,0.0234,18.77,15.16,19.2328,-0.7402,0.7658
EL,L,0.0063,0.005,12.42,10.23,17.6329,0.1497,0.1241
EL,M,0.0443,0.0445,12.2,10.52,13.7705,-0.021,0.7467
EL,N,0.053900000000000003,0.0564,7.88,7.32,7.1066,-0.1886,0.3091
EL,P,0.0712,0.1528,11.04,10.03,9.1486,-8.5984,1.1317
EL,Q,0.0511,0.1293,9.72,8.32,14.4033,-7.0573,1.2639
EL,R,0.0204,0.0149,8.04,7.33,8.8308,0.4232,0.1255
EL,S,0.018,0.025,8.94,8.53,4.5861,-0.6039,0.0882
ES,B,0.0029,6e-4,15.75,18.67,-18.5397,0.2782,-0.0364
ES,C,0.2123,0.0848,14.07,12.06,14.2857,11.8473,2.1235
ES,D,0.0042,0.0014,23.71,21.54,9.1523,0.4421,0.0433
ES,E,0.0199,0.0058,13.96,13.15,5.8023,1.3632,0.0739
ES,F,0.0934,0.0136,11.81,13.26,-12.2777,7.1208,-0.5517
ES,G,0.1514,0.1663,12.46,10.23,17.8973,-1.2081,2.5197
ES,H,0.0839,0.0319,13.26,12.73,3.997,4.8108,0.2182
ES,I,0.0658,0.0888,10.32,9.49,8.0426,-1.6152,0.4563
ES,J,0.0572,0.034,17.38,15.61,10.1841,2.7318,0.5741
ES,K,0.0212,0.0282,22.07,18.96,14.0915,-1.0291,0.5467
ES,L,0.0026,0.0034,17.02,15.91,6.5217,-0.0911,0.0236
ES,M,0.0514,0.0576,16.6,13.76,17.1084,-0.6716,1.1011
ES,N,0.0845,0.1172,10.63,9.03,15.0517,-2.2839,1.1476
ES,P,0.0578,0.1227,18.78,16.96,9.6912,-8.2529,1.1683
ES,Q,0.0627,0.2094,18.4,14.6,20.6522,-17.2113,3.6771
ES,R,0.0191,0.0152,13.19,11.82,10.3867,0.3488,0.1667
ES,S,0.0098,0.0193,12.24,10.4,15.0327,-0.7708,0.1903
FI,B,0.0045,7e-4,23.43,24.29,-3.6705,0.3681,-0.0093
FI,C,0.2379,0.0716,24.14,22.28,7.7051,16.0055,1.1931
FI,D,0.0107,0.0034,30.07,27.68,7.9481,0.8803,0.0696
FI,E,0.0105,0.0032,22.09,23.41,-5.9756,0.6914,-0.0373
FI,F,0.1254,0.0146,22.62,22.71,-0.3979,10.406,-0.0261
FI,G,0.1026,0.1123,22.7,18.21,19.7797,-0.82,2.0006
FI,H,0.0898,0.0223,20.91,19.77,5.4519,5.6936,0.2649
FI,I,0.0207,0.0489,17.05,15.63,8.3284,-1.9059,0.2049
FI,J,0.0799,0.0354,30.68,27.35,10.854,5.3527,0.7956
FI,K,0.0248,0.0336,34.2,25.42,25.6725,-1.0869,1.0612
FI,L,0.008,0.0084,26.33,21.7,17.5845,-0.0439,0.1574
FI,M,0.0719,0.0571,28.49,24.35,14.5314,1.6164,1.1066
FI,N,0.0614,0.0672,18.12,15.82,12.6932,-0.409,0.6133
FI,P,0.0589,0.1165,25.48,22.26,12.6374,-5.6933,1.1708
FI,Q,0.063,0.3635,24.15,19.42,19.5859,-27.1437,4.1812
FI,R,0.0167,0.018,20.01,18.82,5.947,-0.1087,0.0855
FI,S,0.0134,0.0234,22.3,19.65,11.8834,-0.8684,0.2026
FR,B,0.0016,3e-4,20.69,19.24,7.0082,0.1177,0.0065
FR,C,0.193,0.0749,21.9,19.32,11.7808,11.3534,1.6123
FR,D,0.0138,0.0047,27.06,29.44,-8.7953,1.1995,-0.1025
FR,E,0.015,0.0045,17.8,19.25,-8.1461,0.9127,-0.066
FR,F,0.093,0.0121,19.05,21.23,-11.4436,7.601,-0.5343
FR,G,0.1385,0.1315,19.78,16.3,17.5935,0.5862,2.1927
FR,H,0.0958,0.0448,18.39,18.11,1.5226,4.3404,0.0918
FR,I,0.0368,0.0395,14.72,13.86,5.8424,-0.1764,0.1532
FR,J,0.0565,0.0303,30.1,26.34,12.4917,3.453,0.7611
FR,K,0.0321,0.0517,35.59,23.89,32.8744,-2.7191,2.2868
FR,L,0.0081,0.0121,22.9,18.9,17.4672,-0.387,0.1881
FR,M,0.0709,0.0654,29.1,23.9,17.8694,0.6801,1.6534
FR,N,0.0974,0.105,15.72,14.57,7.3155,-0.5366,0.543
FR,P,0.0462,0.1063,23.14,20.85,9.8963,-6.1714,0.8151
FR,Q,0.0763,0.2868,19.58,17.89,8.6313,-18.4004,1.4314
FR,R,0.0125,0.0121,24.09,19.15,20.5064,0.0363,0.2841
FR,S,0.0126,0.018,18.39,17.41,5.329,-0.4563,0.07
HR,B,0.005,5e-4,8.01,7.28,9.1136,0.4066,0.024
HR,C,0.2577,0.1458,7.73,6.56,15.1358,9.4288,2.7857
HR,D,0.0124,0.0051,10.42,10.73,-2.975,0.9211,-0.032
HR,E,0.0442,0.0133,6.9,7.08,-2.6087,2.5497,-0.0611
HR,F,0.1329,0.0121,6.44,8.45,-31.2112,10.6144,-1.7194
HR,G,0.1444,0.22,8.48,6.62,21.934,-6.7281,3.9993
HR,H,0.0886,0.0299,8.31,7.83,5.7762,5.5872,0.3357
HR,I,0.0589,0.0702,7.25,6.55,9.6552,-0.9188,0.533
HR,J,0.0453,0.0261,15.57,12.1,22.2864,3.1412,1.4614
HR,K,0.0181,0.0379,13.24,10.33,21.9789,-2.7566,0.9628
HR,L,0.0041,0.0043,8.1,8,1.2346,-0.023,0.005
HR,M,0.0328,0.0348,11.31,11.04,2.3873,-0.2714,0.1077
HR,N,0.0454,0.0394,6.37,5.7,10.5181,0.4304,0.3353
HR,P,0.0521,0.1784,10.33,8.85,14.3272,-14.2895,2.0128
HR,Q,0.0353,0.1451,11.08,8.83,20.3069,-12.8974,2.3948
HR,R,0.0169,0.0259,8.48,6.86,19.1038,-0.8114,0.4091
HR,S,0.0057,0.0112,8.97,6.7,25.3066,-0.5042,0.2268
HU,B,0.0023,4e-4,7.86,7.11,9.542,0.1858,0.0128
HU,C,0.3025,0.2021,7.95,6.1,23.2704,8.9998,5.9588
HU,D,0.0143,0.0054,10.27,8.81,14.2162,1.0843,0.1831
HU,E,0.0224,0.0082,6.48,6.23,3.858,1.151,0.0488
HU,F,0.0843,0.018,6,6.24,-4,5.1856,-0.1567
HU,G,0.1212,0.1387,7.38,6.05,18.0217,-1.5012,2.2069
HU,H,0.1104,0.0396,6.45,6.71,-4.031,5.9423,-0.2489
HU,I,0.0336,0.049,4.94,4.48,9.3117,-0.9267,0.2424
HU,J,0.0486,0.0268,13,9.58,26.3077,3.1412,1.6453
HU,K,0.0159,0.0324,14.88,9.63,35.2823,-2.5713,1.6191
HU,L,0.0095,0.0084,6.6,6.11,7.4242,0.0864,0.0558
HU,M,0.0435,0.0454,11.72,9.29,20.7338,-0.2513,1.38
HU,N,0.0698,0.0684,5.94,5.2,12.4579,0.1032,0.6526
HU,P,0.0511,0.1737,8.23,6.44,21.7497,-11.4776,2.5685
HU,Q,0.0503,0.1593,7.92,6.46,18.4343,-10.0115,1.9537
HU,R,0.0146,0.0161,8.71,6.31,27.5545,-0.1427,0.4704
HU,S,0.0058,0.0083,6.53,5.66,13.3231,-0.1903,0.0781
IE,B,0.0013,2e-4,28.16,25.2,10.5114,0.0998,0.0074
IE,C,0.1635,0.0685,28.6,25.9,9.4406,9.0344,1.0933
IE,D,0.009,0.0036,41.13,36.53,11.1841,0.7397,0.1011
IE,E,0.0089,0.0022,21.99,23.22,-5.5935,0.5255,-0.0239
IE,F,0.0696,0.0072,25.68,23.16,9.8131,5.3254,0.3378
IE,G,0.1647,0.1606,22.59,18.88,16.4232,0.2984,2.1069
IE,H,0.0636,0.0173,24.13,23.12,4.1857,3.8165,0.1427
IE,I,0.0828,0.0969,17.25,15.41,10.6667,-0.8016,0.5773
IE,J,0.0772,0.0459,46,38.29,16.7609,4.6152,1.6568
IE,K,0.049,0.0497,45.01,35.23,21.7285,-0.1044,1.6841
IE,L,0.0082,0.0099,26.58,20.41,23.2129,-0.1372,0.1949
IE,M,0.0696,0.06,34.5,30.11,12.7246,1.0876,0.993
IE,N,0.0795,0.0661,23.25,19.76,15.0108,1.0094,0.8869
IE,P,0.0526,0.1428,38.06,37.65,1.0772,-11.9218,0.1398
IE,Q,0.0771,0.2401,28.04,25.76,8.1312,-15.3039,1.2624
IE,R,0.0151,0.0142,22.57,18.8,16.7036,0.0697,0.1926
IE,S,0.0082,0.015,20.03,18.37,8.2876,-0.4547,0.0672
IT,B,0.0015,2e-4,17.84,18.48,-3.5874,0.1409,-0.0033
IT,C,0.3033,0.1394,15.88,13.65,14.0428,14.8496,3.0294
IT,D,0.0101,0.0039,22.37,19.75,11.7121,0.7946,0.1125
IT,E,0.0257,0.0064,14.16,14.19,-0.2119,1.6732,-0.003
IT,F,0.0738,0.0118,13.81,13.11,5.0688,5.1236,0.1837
IT,G,0.1159,0.1271,14.83,12.46,15.9811,-0.9384,1.7666
IT,H,0.1071,0.04,13.91,13.48,3.0913,5.6384,0.1941
IT,I,0.0386,0.0489,11.39,10.43,8.4284,-0.6875,0.2579
IT,J,0.0443,0.0298,19.38,16.22,16.3055,1.5929,0.7186
IT,K,0.0318,0.0355,28.99,22.41,22.6975,-0.5906,1.3585
IT,L,0.0018,0.0023,17.38,14.48,16.6858,-0.04,0.0365
IT,M,0.0319,0.0356,21.38,16.26,23.9476,-0.4294,1.0595
IT,N,0.0916,0.1019,11.36,10.64,6.338,-0.695,0.4273
IT,P,0.0546,0.2223,23.5,21.65,7.8723,-23.2314,1.5714
IT,Q,0.0559,0.1806,19.86,15.8,20.4431,-13.6435,2.9461
IT,R,0.0065,0.0059,30.5,12.86,57.8361,0.0847,0.669
IT,S,0.0057,0.0086,12.53,10.76,14.1261,-0.2033,0.0779
LT,B,0.004,7e-4,10.68,9.99,6.4607,0.3,0.0142
LT,C,0.2125,0.1583,11.62,8.82,24.0964,4.8581,4.554
LT,D,0.0137,0.0049,12.06,10.79,10.5307,0.8828,0.1034
LT,E,0.0184,0.0071,9.48,9.14,3.5865,0.9198,0.0381
LT,F,0.1358,0.0208,9.92,10.58,-6.6532,10.3413,-0.4531
LT,G,0.1153,0.1701,11.29,8.89,21.2578,-4.8449,3.004
LT,H,0.2196,0.0415,9.13,10.58,-15.8817,15.3965,-1.6611
LT,I,0.0172,0.0461,9.11,7.56,17.0143,-2.1112,0.4301
LT,J,0.046,0.0309,22.05,16.48,25.2608,2.5579,1.8784
LT,K,0.0125,0.0225,22.74,15.04,33.861,-1.6533,1.1816
LT,L,0.0064,0.0049,9.71,8.82,9.1658,0.1176,0.0441
LT,M,0.0293,0.0412,16.3,13.85,15.0307,-1.5677,0.7571
LT,N,0.0611,0.055,8.59,7.74,9.8952,0.4357,0.4327
LT,P,0.0541,0.1916,10.45,10.01,4.2105,-12.3371,0.4741
LT,Q,0.0344,0.1698,18.08,12.12,32.9646,-17.931,5.338
LT,R,0.0151,0.0272,9.25,8.62,6.8108,-0.9479,0.1169
LT,S,0.0046,0.0076,10.21,8.66,15.1812,-0.2452,0.0829
LU,C,0.1096,0.0335,24.73,23.91,3.3158,6.0685,0.1925
LU,E,0.0104,0.0027,27.38,27.57,-0.6939,0.6975,-0.0041
LU,F,0.1658,0.0262,21.28,24.43,-14.8026,10.4694,-0.9922
LU,G,0.1046,0.1221,24.18,19.89,17.7419,-1.2658,1.5957
LU,H,0.1118,0.0273,27.66,26.01,5.9653,7.4333,0.3765
LU,I,0.0284,0.0537,19.96,17.1,14.3287,-1.5339,0.3852
LU,J,0.063,0.0341,35.96,30.64,14.7942,3.1525,0.8475
LU,K,0.1125,0.1365,47.68,38.43,19.4002,-3.3957,3.7782
LU,L,0.0049,0.0084,33.18,31.01,6.5401,-0.3695,0.0476
LU,M,0.1016,0.1149,42.61,33.68,20.9575,-1.6601,3.1717
LU,N,0.0869,0.1071,20.13,17.61,12.5186,-1.2522,0.8019
LU,P,0.0352,0.0949,48.74,51.17,-4.9856,-9.7776,-0.5188
LU,Q,0.0492,0.2093,34.24,34.11,0.3797,-17.9541,0.0551
LU,R,0.0099,0.011,30.05,30.07,-0.0666,-0.1104,-7e-4
LU,S,0.0062,0.0182,31.82,27.41,13.8592,-1.1674,0.1761
LV,B,0.011,0.0024,9.71,8.98,7.518,0.7841,0.0479
LV,C,0.2208,0.1177,9.39,7.22,23.1097,8.376,3.5946
LV,D,0.0218,0.0089,10.75,9.13,15.0698,1.2573,0.2432
LV,E,0.017,0.0075,7.79,6.97,10.5263,0.6863,0.0981
LV,F,0.1243,0.0161,9.76,8.82,9.6311,9.8395,0.6456
LV,G,0.1178,0.1671,9.62,7.25,24.6362,-4.0683,3.3045
LV,H,0.1386,0.0494,8.91,8.12,8.8664,7.4356,0.7269
LV,I,0.0234,0.0573,7.14,5.67,20.5882,-2.1274,0.5808
LV,J,0.0683,0.0409,16.88,12.13,28.1398,3.888,2.5381
LV,K,0.0172,0.0273,17.82,12.28,31.0887,-1.4858,1.2079
LV,L,0.0203,0.0162,7.33,7.04,3.9563,0.2928,0.0518
LV,M,0.0339,0.0321,14.25,11.79,17.2632,0.231,0.7949
LV,N,0.0567,0.0375,7.47,6.83,8.5676,1.3423,0.2949
LV,P,0.0618,0.2132,7.96,7.23,9.1709,-11.2547,0.9826
LV,Q,0.0401,0.1597,16.53,11.17,32.4259,-16.2118,5.2389
LV,R,0.0209,0.0388,9.33,6.2,33.5477,-1.3584,0.9149
LV,S,0.006,0.0079,9.48,7.92,16.4557,-0.1574,0.106
MT,C,0.1302,0.0687,11.38,9.88,13.181,5.2834,1.2057
MT,E,0.0117,0.005,11.44,12.43,-8.6538,0.6436,-0.067
MT,F,0.0762,0.0094,10.2,12.76,-25.098,6.1983,-0.8851
MT,G,0.1057,0.1054,10.82,10.37,4.159,0.028,0.384
MT,H,0.0769,0.0271,12.6,10.94,13.1746,4.7367,0.6975
MT,I,0.0878,0.0783,10.73,10.22,4.753,0.8015,0.3423
MT,J,0.0534,0.041,16.85,14.81,12.1068,1.5895,0.7782
MT,K,0.0488,0.0707,17.41,14.94,14.1872,-2.8731,1.1928
MT,L,0.0055,0.004,14.26,10.35,27.4194,0.1469,0.1511
MT,M,0.0652,0.0711,15.72,14.47,7.9517,-0.7232,0.6883
MT,N,0.1442,0.1196,9.84,9.54,3.0488,1.9328,0.3199
MT,P,0.0617,0.1604,15.06,12.4,17.6627,-10.9585,2.3876
MT,Q,0.0734,0.1892,11.86,10.9,8.0944,-10.65,1.019
MT,R,0.052,0.0412,14.83,13.91,6.2036,1.2575,0.3467
MT,S,0.0073,0.0088,11.22,11.54,-2.852,-0.1395,-0.0209
NL,B,0.0018,4e-4,35.8,33.77,5.6704,0.2176,0.0097
NL,C,0.1577,0.0479,24.53,19.82,19.201,10.8128,2.1501
NL,D,0.0059,0.0021,30.53,28.48,6.7147,0.4881,0.0363
NL,E,0.0087,0.0021,22.66,20.81,8.1642,0.6405,0.0442
NL,F,0.0707,0.0101,24.06,21.32,11.3882,6.1053,0.4918
NL,G,0.183,0.1619,18.49,14.27,22.8231,1.5349,3.2314
NL,H,0.0783,0.027,21.95,19.16,12.7107,4.6842,0.6526
NL,I,0.041,0.0458,13.22,12.24,7.413,-0.2693,0.1887
NL,J,0.0542,0.0235,28.73,23.61,17.8211,3.5746000000000002,0.8834
NL,K,0.0296,0.0246,35.8,27.49,23.2123,0.698,1.0008
NL,L,0.0069,0.0066,27.96,25.45,8.9771,0.0303,0.0753
NL,M,0.0658,0.0485,29.27,23.71,18.9956,2.0423,1.411
NL,N,0.1576,0.1243,17.22,15.54,9.7561,2.4205,1.0514
NL,P,0.0547,0.1079,26.17,24.93,4.7382,-6.0411,0.4476
NL,Q,0.0611,0.3375,24.45,20.62,15.6646,-27.659,3.3893
NL,R,0.0145,0.0164,19.52,17.45,10.6045,-0.1581,0.142
NL,S,0.0085,0.0134,24.34,21.04,13.5579,-0.4915,0.1608
PL,B,0.0195,0.0026,10.42,8.93,14.2994,1.8211,0.1842
PL,C,0.3463,0.1941,8.06,6.74,16.3772,12.5764,3.9836
PL,D,0.0166,0.005,10.5,10.38,1.1429,1.3494,0.0145
PL,E,0.0251,0.0084,6.87,7.13,-3.7846,1.3105,-0.0487
PL,F,0.0775,0.0151,7.69,8.56,-11.3134,5.659,-0.45
PL,G,0.1473,0.167,8.46,6.7,20.8038,-1.6607,3.0892
PL,H,0.1058,0.0431,8.11,7.32,9.7411,5.4087,0.6569
PL,I,0.013,0.0253,6.23,5.44,12.6806,-0.7992,0.169
PL,J,0.0414,0.0277,16.57,12.47,24.7435,2.2183,1.5824
PL,K,0.0274,0.0448,15.35,11.11,27.6221,-2.5791,1.7102
PL,L,0.0107,0.0124,7.92,7.31,7.702,-0.143,0.0789
PL,M,0.036,0.0525,13.02,10.72,17.6651,-2.1875,1.1371
PL,N,0.0451,0.0389,6.51,6.54,-0.4608,0.4516,-0.0141
PL,P,0.0529,0.2202,10.33,9.66,6.486,-18.6787,1.0217
PL,Q,0.0224,0.1224,10.5,8.92,15.0476,-10.8444,1.2777
PL,R,0.0101,0.0155,7.35,6.9,6.1224,-0.433,0.0644
PL,S,0.0029,0.005,7.4,5.39,27.1622,-0.1488,0.0879
PT,B,0.0049,6e-4,9.27,10.32,-11.3269,0.4707,-0.032
PT,C,0.231,0.1682,7.94,6.27,21.0327,4.9393,3.6934
PT,D,0.0041,0.0014,17.43,18,-3.2702,0.5341,-0.0174
PT,E,0.0157,0.0043,6.98,8.4,-20.3438,0.9701,-0.1573
PT,F,0.1153,0.0139,6.9,7.46,-8.1159,8.0661,-0.4009
PT,G,0.15310000000000001,0.1477,8.29,7.58,8.5645,0.4723,1.1829
PT,H,0.0728,0.0163,8.55,9.51,-11.2281,5.6601,-0.4738
PT,I,0.061,0.0727,6.69,5.63,15.8445,-0.8013,0.7849
PT,J,0.0518,0.026,13.71,11.79,14.0044,3.6389,0.8277
PT,K,0.0244,0.0256,17.24,13.98,18.9095,-0.2,0.9036
PT,L,0.0045,0.0043,13.73,8.69,36.7079,0.0265,0.2453
PT,M,0.0415,0.0365,12.64,10.47,17.1677,0.6369,0.9376
PT,N,0.1037,0.1017,6.36,5.69,10.5346,0.1356,0.7626
PT,P,0.0581,0.1441,15.35,14.09,8.2085,-14.0331,1.4111
PT,Q,0.0403,0.2157,10.36,7.86,24.1313,-17.704,3.5465
PT,R,0.0099,0.0059,11.8,7.82,33.7288,0.4317,0.3469
PT,S,0.0079,0.0151,8.43,7.7,8.6595,-0.6379,0.0932
RO,B,0.0149,0.0033,9.51,10.31,-8.4122,1.5338,-0.0977
RO,C,0.2477,0.2473,6.92,5.47,20.9538,0.0283,4.7933
RO,D,0.0175,0.0064,10.22,10.44,-2.1526,1.537,-0.0351
RO,E,0.0316,0.0132,5.84,5.75,1.5411,1.4305,0.0269
RO,F,0.1396,0.0227,5.68,6.71,-18.1338,9.6757,-1.1161
RO,G,0.1404,0.1677,6.96,6.08,12.6437,-2.3722,1.8107
RO,H,0.0982,0.0333,6.34,6.71,-5.836,5.6559,-0.325
RO,I,0.0274,0.0435,4.57,4.33,5.2516,-0.9545,0.1136
RO,J,0.0541,0.045,16.57,13.6,17.924,1.8329,1.9641
RO,K,0.0106,0.03,13.52,10.88,19.5266,-3.1584,0.7156
RO,L,0.0041,0.0037,7.56,6.7,11.3757,0.0402,0.0451
RO,M,0.035,0.0368,9.92,10.46,-5.4435,-0.2456,-0.259
RO,N,0.0822,0.0592,5.35,6.47,-20.9346,1.8129,-1.0571
RO,P,0.0443,0.1235,8.88,8.6,3.1532,-9.2443,0.3139
RO,Q,0.0335,0.1354,10.83,9.48,12.4654,-13.8273,1.5227
RO,R,0.0107,0.0189,7.1,6.36,10.4225,-0.742,0.1461
RO,S,0.0081,0.0101,7.39,6.47,12.4493,-0.1847,0.1119
SE,B,0.0038,0.0013,27.03,25.53,5.5494,0.291,0.0168
SE,C,0.185,0.0588,22.92,22.16,3.3159,12.5173,0.4075
SE,D,0.0106,0.0041,26.22,25.94,1.0679,0.7481,0.009
SE,E,0.0083,0.0025,21.77,22.23,-2.113,0.5585,-0.011
SE,F,0.1074,0.0115,22.39,22.89,-2.2331,9.552,-0.1308
SE,G,0.1268,0.1088,22.39,20.34,9.1559,1.6973,1.0622
SE,H,0.0728,0.0212,19.22,19.71,-2.5494,4.4173,-0.1013
SE,I,0.0339,0.0323,16.47,15.55,5.5859,0.1159,0.1339
SE,J,0.0671,0.0297,29.23,26.07,10.8108,4.5511,0.6725
SE,K,0.0266,0.0258,35.76,27.93,21.896,0.099,0.9022
SE,L,0.0153,0.0102,23.66,22.23,6.044,0.5075,0.0802
SE,M,0.0562,0.0444,27.96,24.83,11.1946,1.3689,0.6928
SE,N,0.0744,0.0607,18.84,17.47,7.2718,1.0938,0.4068
SE,P,0.0548,0.1343,21.48,19.83,7.6816,-7.2274,0.6861
SE,Q,0.1329,0.4217,21.27,19.71,7.3343,-26.0268,1.9028
SE,R,0.0122,0.0139,18.63,17.15,7.9442,-0.1324,0.0847
SE,S,0.0119,0.0189,21.4,19.91,6.9626,-0.6281,0.1009
SI,B,0.0052,8e-4,16.3,13.92,14.6012,0.5118,0.056
SI,C,0.3652,0.1975,12.44,10.94,12.0579,15.2184,3.2771
SI,D,0.0171,0.0041,16.99,16.36,3.7081,1.6848,0.0517
SI,E,0.0225,0.0073,11.27,12.52,-11.0914,1.4096,-0.1448
SI,F,0.1157,0.0115,10.29,11.36,-10.3984,8.7537,-0.5286
SI,G,0.0955,0.1479,13.15,10.92,16.9582,-4.9044,2.1077
SI,H,0.0966,0.0207,11.03,12.31,-11.6047,6.8795,-0.5833
SI,I,0.0277,0.0452,10.18,9.23,9.332,-1.3228,0.2688
SI,J,0.0458,0.0264,19.57,15.4,21.3081,2.6384,1.1683
SI,K,0.0181,0.0373,20.62,15.63,24.1998,-2.7126,1.0729
SI,L,0.0027,0.0039,13.15,13.73,-4.4106,-0.1225,-0.0147
SI,M,0.0434,0.0372,16.84,15.15,10.0356,0.7628,0.5289
SI,N,0.0447,0.0465,9.74,8.33,14.4764,-0.1248,0.4993
SI,P,0.042,0.1845,14.32,12.72,11.1732,-14.9612,1.407
SI,Q,0.0424,0.2026,15.13,12.84,15.1355,-17.4008,2.1785
SI,R,0.0105,0.0155,13.33,12.93,3.0008,-0.5163,0.0404
SI,S,0.0051,0.011,11.84,10.48,11.4865,-0.5069,0.0851
SK,B,0.0055,0.001,8.97,7.7,14.1583,0.3761,0.042
SK,C,0.3476,0.2069,9.77,7.5,23.2344,12.3005,6.3684
SK,D,0.0173,0.0062,12.62,11.06,12.3613,1.3244,0.1853
SK,E,0.0254,0.0076,7.88,7.9,-0.2538,1.4204,-0.0033
SK,F,0.0622,0.0126,8.27,8.08,2.2975,4.1039,0.0719
SK,G,0.115,0.1579,10.02,7.69,23.2535,-3.8435,3.2176
SK,H,0.1057,0.0446,8.51,7.98,6.228,5.1015,0.4032
SK,I,0.0258,0.0359,6.69,6.01,10.1644,-0.6487,0.2126
SK,J,0.0549,0.0301,15.19,11.17,26.4648,3.2991,1.7294
SK,K,0.0147,0.0295,16.78,11.5,31.466,-2.1144,1.1828
SK,L,0.0152,0.0163,9.32,8.38,10.0858,-0.1001,0.1499
SK,M,0.0449,0.0426,12.83,11,14.2634,0.2777,0.8104
SK,N,0.0602,0.0443,7.6,7.3,3.9474,1.1998,0.1586
SK,P,0.0469,0.1927,8.9,7.87,11.573,-12.3742,1.2488
SK,Q,0.034,0.136,12.02,9.23,23.2113,-10.9766,2.3997
SK,R,0.0152,0.0228,8.71,7.52,13.6625,-0.6223,0.2285
SK,S,0.0094,0.0128,6.85,7.18,-4.8175,-0.2407,-0.0371
